V_mV,tau2_F2_mean_s,tau2_F2_sd_s,Delta_t_current_s,diff_s
-40,1.12074,0.0,,
-20,1.5104123999999999,0.7014836458699804,1.3478899999999998,-0.16252240000000007
0,1.2379879999999999,0.4580916040235371,1.2349764705882351,-0.003011529411764746
20,1.274855,0.5863151610292455,1.0051,-0.26975499999999997
40,1.0526741111111109,0.6834456685125331,0.8585578947368421,-0.1941162163742688
60,0.711601125,0.27884833125170283,0.6606999999999998,-0.0509011250000001

construct,z_a_mean_e0,z_a_sem,n
hERG,6.083,0.298,4
psQQ*+E1,2.465,0.108,7
psQQ+E1,2.068,0.06,10
psQ+E1,2.411,0.123,10
author EQ 10s (k=13.5),1.881,,
psQ+E1 Table1 (k=17.4),1.46,,
our WT pool (k=22.6),1.124,,
our cross-batch (k=19.05),1.333,,
hERG α (k≈7.5),3.387,,
