quantity,V_mV,ours_digitised,author_truth,err_%_or_ms
tau_act,-60,2.019,2.0150005225,0.1984851842637819
tau_act,-50,2.67,2.669497315,0.018830698842633456
tau_act,-40,3.561,3.54918986,0.3327559377170129
tau_act,-30,3.662,3.65210945666667,0.27081727562341656
tau_act,-20,8.607,8.588100582386364,0.2200651637964852
tau_act,-10,8.916,8.912174992675782,0.04291889833135016
tau_act,0,7.669,7.6619868652343746,0.09153154252256099
tau_act,10,5.705,5.69474427734375,0.1800910129898575
tau_act,20,4.328,4.302032678940717,0.6036058532609188
tau_act,30,3.635,3.598200253906248,1.0227264603686714
tau_act,40,2.922,2.912630958387586,0.3216693685629506
tau_act,50,2.488,2.481734973144528,0.25244544333973806
tau_act,60,1.883,1.9239311401367152,-2.1274742782013805
tau_act,70,1.653,1.6442431806640592,0.5325744658040332
tau_act,80,1.424,1.4171649576822878,0.48230393227409213
tau_act,90,1.356,1.3469150129045746,0.674503365719715
tau_act,100,1.031,1.022975118815103,0.7844649432130822
tau_act,110,0.925,0.9233366337990451,0.1801473200636583
tau_act,120,0.811,0.804552238314732,0.8014099493121747
tau_act,130,0.657,0.6544620409226563,0.3877931673112437
tau_act,140,0.499,0.4985958659804686,0.08105442646153188
tau_act,150,0.578,0.565907746582031,2.1367888124882035
tau_act,160,0.5,0.489376936767578,2.170732299439619
tau_act,170,0.439,0.43462887573242204,1.0057141878141187
tau_act,180,0.264,0.294889,-10.4747888188437
delta_t,0,1.17,1.2349764705882351,-64.97647058823519
delta_t,10,1.01,1.065721052631579,-55.721052631579006
delta_t,20,0.91,1.0051,-95.10000000000008
delta_t,30,0.79,0.9158105263157895,-125.81052631578949
delta_t,40,0.73,0.8585578947368421,-128.5578947368421
delta_t,50,0.54,0.6883666666666667,-148.36666666666665
delta_t,60,0.53,0.6606999999999998,-130.69999999999982
delta_t,70,0.42,0.5752666666666666,-155.2666666666666
delta_t,80,0.31,0.5007555555555556,-190.75555555555562

GV_boltzmann,V1/2_mV,k_mV,source
author_EQ_10s,13.2,13.49,Zenodo10421153 Fig3 sheet
Kα1 WT池(Chan 8226585),25.05,22.6,sealed/Table1
Kα药跨批参照,32.12,19.05,sealed/Table1
"Fedida psQ+E1 (Table 1, 5 s 等时)",4.2,,sealed/Table1
Fedida psQQ*+E1 (Table 1),23.5,,sealed/Table1
Fedida EQ*QQ*Q*+E1 (Table 1),32.8,,sealed/Table1
