V_mV,d_ms_extracted,tau_ms_extracted,relRMS,tau_s_expt,dt_s_expt
-20.0,1668.5,3429.6,0.045,8.588100582386364,1.3478899999999998
0.0,1572.8,3438.7,0.0437,7.6619868652343746,1.2349764705882351
20.0,1280.8,3183.4,0.0365,4.302032678940717,1.0051
40.0,908.4,2688.6,0.0248,2.912630958387586,0.8585578947368421
60.0,593.4,2095.5,0.0139,1.9239311401367152,0.6606999999999998
80.0,386.6,1513.6,0.0088,1.4171649576822878,0.5007555555555556
100.0,259.8,1037.0,0.0071,1.022975118815103,0.42011666666666664

GV_extracted_Vhalf,14.12,k,19.3
