group,cell,I_minus30_nA
veh,jj_ap1,3.504280435273621
veh,jj_ap10,2.3208021615594987
veh,jj_ap11,2.8070742570662777
veh,jj_ap12,4.118458442337047
veh,jj_ap13,6.246644826402026
veh,jj_ap14,2.745865104736289
veh,jj_ap15,4.549597254488447
veh,jj_ap16,3.4768800078605056
veh,jj_ap17,7.716784197753235
veh,jj_ap2,2.21371848976859
veh,jj_ap3,2.117723624933676
veh,jj_ap4,4.245138428282669
veh,jj_ap5,4.046375588762086
veh,jj_ap6,4.102953234108586
veh,jj_ap7,5.009533093902618
veh,jj_ap8,5.209971787323298
veh,jj_ap9,2.6917605158716107
les,jj_op1,1.9760711816863008
les,jj_op11,1.3912758722867125
les,jj_op12,2.473237649402993
les,jj_op13,2.065774926118813
les,jj_op14,1.7149201433919181
les,jj_op15,1.7053666118149735
les,jj_op2,2.354948042126992
les,jj_op3,4.149855542534553
les,jj_op4,1.2600021564307395
les,jj_op5,1.2385851927421143
les,jj_op6,1.1400722518817297
