group,cell,pk_nA,Af,tf_ms,As,ts_ms,fast_frac,R2
veh,jj_ai1,21.047557086095736,21.30140586083903,35.361964814690324,2.672510314493544,546.7967539650018,0.8885242488149114,0.9880565010467613
veh,jj_ai10,3.5820810762032806,2.5666793781898987,25.144733665982297,0.36843129999730356,2999.999999999735,0.8744744780033794,0.9717100641078933
veh,jj_ai11,5.143387174499914,4.3997966875978305,25.268484067918724,1.0259472119762463,2999.999999999997,0.8109112352212601,0.9908525810109953
veh,jj_ai12,6.856497786200677,5.275501472137661,21.81518526140244,2.575906900358403,2999.9999999996435,0.6719178549695678,0.99216307082334
veh,jj_ai13,4.177779511227442,3.0291509005495305,36.87850748946437,0.9927899372454566,2999.9999999999995,0.7531565039654463,0.9854475653632757
veh,jj_ai14,6.936877294805299,5.372409160104141,24.6797201934511,3.0600127513078625,2999.999999999975,0.63711341967287,0.9888901345002462
veh,jj_ai15,11.431854463062052,10.242947273847856,21.552061826894104,3.2659098686036865,2999.999999999999,0.7582393659090098,0.9918815377054955
veh,jj_ai16,3.600704678863309,2.9002789063925065,48.176827384323,0.2561975128217374,2999.9999999975066,0.9188343333527853,0.99185196876772
veh,jj_ai17,13.313513652635223,11.86094285382398,18.84267965932727,2.6019070222751854,2999.9999999999995,0.8200972115063566,0.9860251815095729
veh,jj_ai2,3.632322942426214,2.882770530462954,32.541098791538,0.8642856354171127,2999.9999999999995,0.7693427594475037,0.9839253727086656
veh,jj_ai3,3.507141410619141,2.5702288035962835,44.01039955042005,0.7974723080769524,2999.9999999999995,0.76319979664682,0.9923759893798204
veh,jj_ai4,8.072232049460837,6.048675397730165,20.059766512190492,3.429844956316157,2999.9999999999995,0.6381455302934517,0.9840031397758665
veh,jj_ai5,9.041880244531342,7.419512308867691,31.791862850066284,2.3427897154552295,2999.9999999371657,0.7600166733606342,0.9964214594033892
veh,jj_ai6,8.282236257928233,6.795096489473169,32.95691758275011,2.0908785106616765,2732.395096608524,0.7646990329558718,0.998117381542923
veh,jj_ai7,9.625417130010305,8.050293307815133,25.09980254841611,2.6329213355863126,2999.9999999981064,0.7535459668768751,0.9980454839285163
veh,jj_ai8,8.70481985104643,7.2325070688076085,26.58035740695263,3.411279050222351,2999.9999999999895,0.6795051110503483,0.9974706624575423
veh,jj_ai9,6.870246288537274,5.505263814233544,24.610779863214432,1.2286891707549616,2999.9999999999995,0.8175382017822242,0.9990135305243902
les,jj_oi1,3.6122381752434762,1.9761698785917987,39.61158106316307,0.5491257695805668,2999.9999999991514,0.7825499085709089,0.9627843063296138
les,jj_oi10,5.952915438367512,4.8939695367354625,60.32469617047443,0.8983398555497424,2999.9999999904317,0.8449081713856231,0.9936593727703136
les,jj_oi11,2.198754928128821,1.0475489031273848,85.94488794395237,0.6335313936245085,2999.9999998770136,0.6231403134944898,0.9868141966553136
les,jj_oi12,5.327301516588889,3.847202967189955,94.82636538916557,2.910208828671783,2999.999995964665,0.5693308449169836,0.9962680451689228
les,jj_oi13,3.821303884432581,2.5939699135476655,67.86565703469037,1.1438353672799781,2999.999999977837,0.6939820880592517,0.993219871940061
les,jj_oi14,2.912820040723574,1.7936433841086172,93.00453221157845,1.4317959333472616,2999.9999999995534,0.5560927388717344,0.9909359280216228
les,jj_oi15,3.4504545887159566,2.032533040215507,23.542101850610763,0.8188957370502666,2999.9999999999995,0.7128121369962804,0.9774308184218841
les,jj_oi2,6.45285336275947,2.4912826474451553,43.58739657297687,0.9832861482770009,2999.999999999903,0.7170048411510487,0.984770773822407
les,jj_oi3,16.07305755157995,4.894337802111195,26.07766568435153,1.5473660087688683,2999.999999999998,0.7597893268306809,0.991327231352716
les,jj_oi6,5.016940668456371,3.1428424486783557,29.933046837354354,0.4844526637693796,2999.999999999986,0.8664424457478273,0.9472270489034208
