group,cell,V_cond,ih_amp_nA,i_inst,i_ss,tau_act_s,fit_R2
veh,jj_ah1,-80.0,0.05312938977652948,-0.13576402458845283,-0.08263463481192335,4.999999999999997,0.3874821984696891
veh,jj_ah1,-100.0,-0.055409885013624205,-0.21123510636511,-0.2666449913787342,1.6371526588211953,0.8945221044522453
veh,jj_ah1,-120.0,-0.19840547260674413,-0.296488412380308,-0.4948938849870521,0.4520362518000191,0.9603826314411791
veh,jj_ah10,-80.0,-0.08699892889429961,-0.10228990462816945,-0.18928883352246906,1.0667168947385166,0.9306348734636173
veh,jj_ah10,-100.0,-0.30106301479593256,-0.17032631772009865,-0.4713893325160312,0.39289031964216925,0.9835585770877472
veh,jj_ah10,-120.0,-0.5905364391933787,-0.3138554550800865,-0.9043918942734652,0.13877161670019267,0.9828484563855304
veh,jj_ah11,-80.0,0.004009331061594068,-0.10742985580985964,-0.10342052474826557,4.999999999999999,0.8045479954901625
veh,jj_ah11,-100.0,-0.1332903579176481,-0.15745569846331747,-0.29074605638096557,0.7006635666508568,0.9624667413555047
veh,jj_ah11,-120.0,-0.24713535384801588,-0.2204744307043524,-0.4676097845523683,0.2594872387800148,0.974148465186985
veh,jj_ah12,-80.0,-0.10190995269887537,-0.14510434910922076,-0.24701430180809614,1.2817565281500314,0.9612957949270468
veh,jj_ah12,-100.0,-0.3518396268775703,-0.22094592865354312,-0.5727855555311134,0.41626447350246876,0.9874441716259845
veh,jj_ah12,-120.0,-0.588851897798115,-0.30008198833794686,-0.8889338861360618,0.22582010125988475,0.9913067080591413
veh,jj_ah13,-80.0,-0.033717653669107506,-0.17216659781854604,-0.20588425148765355,4.375007604529869,0.9399002122643622
veh,jj_ah13,-100.0,-0.2548188604567514,-0.23135924534685437,-0.48617810580360576,0.6657085017301121,0.9831858909240618
veh,jj_ah13,-120.0,-0.4380096563227909,-0.3007461328043658,-0.7387557891271567,0.3081690235346479,0.985468806927074
veh,jj_ah14,-80.0,-0.05263691565948747,-0.15508438890726728,-0.20772130456675475,2.693171577583718,0.9581608095210793
veh,jj_ah14,-100.0,-0.38077058173158207,-0.23130692803838282,-0.6120775097699649,0.7579372707089878,0.9909416191130812
veh,jj_ah14,-120.0,-0.6758514026206086,-0.30938759627147094,-0.9852389988920796,0.3824018439794646,0.991671721734769
veh,jj_ah15,-80.0,-0.1005688310407038,-0.14593565765552707,-0.24650448869623087,2.3590479159128876,0.9773541690741652
veh,jj_ah15,-100.0,-0.4195944078300151,-0.18251436560007273,-0.6021087734300878,0.6240555089556897,0.9933902743306123
veh,jj_ah15,-120.0,-0.6544051966983488,-0.23526449451777287,-0.8896696912161217,0.28430733194750796,0.9927107813612511
veh,jj_ah16,-80.0,0.026847538081575806,-0.12296226797187115,-0.09611472989029535,4.999999999999796,0.7105623715811537
veh,jj_ah16,-100.0,-0.03199852882662668,-0.1998912433145983,-0.23188977214122497,1.5852042174716447,0.9370218759486437
veh,jj_ah16,-120.0,-0.09358194774655715,-0.28813408950445485,-0.381716037251012,0.4964097022332745,0.9600436225685155
veh,jj_ah17,-80.0,-0.047850501339041784,-0.12715977489724528,-0.17501027623628707,4.999999999999999,0.9585013736812222
veh,jj_ah17,-100.0,-0.3239694623680123,-0.1858132293863779,-0.5097826917543902,0.6974216285360147,0.9905501659097121
veh,jj_ah17,-120.0,-0.5477774206452679,-0.2442113915604449,-0.7919888122057128,0.3116794786716845,0.9905898749942949
veh,jj_ah2,-80.0,0.02184458516851784,-0.10531825671983297,-0.08347367155131513,4.999999999999302,0.6637273021814181
veh,jj_ah2,-100.0,-0.09499769720866524,-0.1648585254854923,-0.25985622269415753,1.3142546568973412,0.9361260160940035
veh,jj_ah2,-120.0,-0.22400838822767,-0.21624577128953604,-0.44025415951720603,0.32856269718383174,0.9619633623127881
veh,jj_ah3,-80.0,0.02884704281003181,-0.17515559662395486,-0.14630855381392305,4.999999999999999,0.6196266495069089
veh,jj_ah3,-100.0,-0.09491370883685235,-0.26761239405037607,-0.3625261028872284,1.0988665272876883,0.9130718278046243
veh,jj_ah3,-120.0,-0.23963195316945018,-0.33179062101929,-0.5714225741887402,0.3032395503324931,0.9527680948574567
veh,jj_ah4,-80.0,-0.10566254121657792,-0.1278060031938144,-0.23346854441039233,1.6157959287934893,0.949484904760365
veh,jj_ah4,-100.0,-0.466577873559082,-0.21941810694758868,-0.6859959805066707,0.4796022851720733,0.9904715940023167
veh,jj_ah4,-120.0,-0.831546373425418,-0.3138712831307622,-1.1454176565561802,0.24749233923034902,0.9937306015750174
veh,jj_ah5,-80.0,0.044128672938015256,-0.2255031867617538,-0.18137451382373854,4.999999999999999,0.4263234779779135
veh,jj_ah5,-100.0,-0.09754576313358854,-0.33069466089108435,-0.4282404240246729,1.909491619879225,0.8901192403797228
veh,jj_ah5,-120.0,-0.31201205508146757,-0.4053641502327343,-0.7173762053142019,0.3564178945919428,0.9609758938053812
veh,jj_ah6,-80.0,0.018999198048152977,-0.16852365163078087,-0.1495244535826279,4.999999999992694,0.5982871327087003
veh,jj_ah6,-100.0,-0.12335207855151964,-0.293895310865544,-0.41724738941706363,1.7059003898843883,0.9144464396233201
veh,jj_ah6,-120.0,-0.27104685162981923,-0.4168359442335845,-0.6878827958634037,0.34977700339910756,0.948961680377588
veh,jj_ah7,-80.0,-0.03865819470094678,-0.2007400092506051,-0.23939820395155187,4.9999999995249675,0.5227487796537162
veh,jj_ah7,-100.0,-0.314035283888181,-0.3058346184810212,-0.6198699023692023,0.5582890819094585,0.8617273832644542
veh,jj_ah7,-120.0,-0.5826469445802118,-0.40087726332362594,-0.9835242079038378,0.25172623136699834,0.8997492341667015
veh,jj_ah8,-80.0,0.03090266237348871,-0.1368221224252314,-0.10591946005174269,4.9999999999999645,0.5642071753969584
veh,jj_ah8,-100.0,-0.0897416238543336,-0.22003548397382666,-0.30977710782816026,1.342726324380094,0.9202383688654603
veh,jj_ah8,-120.0,-0.2535988363749908,-0.353120545391189,-0.6067193817661798,0.21022542277859935,0.9572663839130868
veh,jj_ah9,-80.0,-0.009783503868154853,-0.11983692684014446,-0.12962043070829932,4.999999999999594,0.6288586840625319
veh,jj_ah9,-100.0,-0.15108705259114785,-0.18677203533767894,-0.3378590879288268,0.6992672182130619,0.9200427381460496
veh,jj_ah9,-120.0,-0.47500757494045587,-0.35326382531036815,-0.828271400250824,0.10385831769978739,0.9149173338672651
les,jj_oh1,-80.0,0.012335354959702727,-0.15245382517167783,-0.1401184702119751,4.999999999999999,0.7567347391912174
les,jj_oh1,-100.0,-0.2720410979817345,-0.24121044658181878,-0.5132515445635533,1.0299414928017918,0.9653154756313399
les,jj_oh1,-120.0,-0.8211159807647306,-0.36557423754857155,-1.1866902183133021,0.16945391357493308,0.9779996723994561
les,jj_oh10,-80.0,-0.003364454548293594,-0.16941258292046957,-0.17277703746876316,4.999999999999999,0.8908160156324751
les,jj_oh10,-100.0,-0.2827207495892381,-0.25653727839941576,-0.5392580279886539,1.4197076113328986,0.9841466483937643
les,jj_oh10,-120.0,-0.5470350422642767,-0.35326833645876743,-0.9003033787230441,0.5248007316184742,0.9903015989081759
les,jj_oh11,-80.0,-0.06423975587588338,-0.10566563943270602,-0.1699053953085894,2.2002856146336014,0.9673625172377001
les,jj_oh11,-100.0,-0.223394455711734,-0.17982061586291342,-0.4032150715746474,0.8027530981484275,0.9950133096903229
les,jj_oh11,-120.0,-0.33185622305698104,-0.25748844376116686,-0.5893446668181479,0.37061695716587023,0.9924412601339169
les,jj_oh12,-80.0,0.03818862934212852,-0.1331534132628133,-0.09496478392068478,4.999999999996934,0.6656683280566851
les,jj_oh12,-100.0,-0.04780924267588915,-0.20202046676146002,-0.24982970943734917,2.548201458810676,0.9437286135661677
les,jj_oh12,-120.0,-0.15556531063332102,-0.26819647154160964,-0.42376178217493066,0.6733361351096017,0.9681517973651319
les,jj_oh13,-80.0,0.017326078072255058,-0.1312530726466088,-0.11392699457435373,4.999999999999999,0.8102472810887058
les,jj_oh13,-100.0,-0.11424551582539522,-0.2258969487162199,-0.3401424645416151,1.6581231334003408,0.9716371536551615
les,jj_oh13,-120.0,-0.25762472710688655,-0.3186164899623978,-0.5762412170692843,0.545959696238353,0.9821551076015759
les,jj_oh14,-80.0,0.021933354438230523,-0.11043208274913452,-0.088498728310904,4.999999999999999,0.7398050499726556
les,jj_oh14,-100.0,-0.017473487934349663,-0.16559334025528782,-0.1830668281896375,1.3994385187600558,0.927407449485859
les,jj_oh14,-120.0,-0.06040005995355813,-0.2258812494687623,-0.28628130942232044,0.6033477875826649,0.9520512007524803
les,jj_oh15,-80.0,-0.2114402541941729,-0.14184783035664505,-0.35328808455081795,0.8951113568733466,0.9902283809489745
les,jj_oh15,-100.0,-0.5651212692248109,-0.22498518586350214,-0.790106455088313,0.4930030575537095,0.9944358807361277
les,jj_oh15,-120.0,-0.8153175218295061,-0.32050166860753126,-1.1358191904370374,0.26555270775238593,0.9911938412304241
les,jj_oh2,-80.0,0.0937438807135926,-0.2618060742699303,-0.1680621935563377,4.999999999999998,0.47137927511374966
les,jj_oh2,-100.0,-0.15101031536346454,-0.4840248314999518,-0.6350351468634163,0.827154070352904,0.9230150510361391
les,jj_oh2,-120.0,-6.575259531294009,-0.7800027169296841,-7.355262248223693,0.7787729057143978,0.9828446695172751
les,jj_oh3,-80.0,-0.08507659854384286,-0.15248833792891325,-0.23756493647275612,3.8664565965330624,0.8898001373703616
les,jj_oh3,-100.0,-0.5438334782503773,-0.30625964785035986,-0.8500931261007372,0.30799774018042014,0.9596680736884937
les,jj_oh3,-120.0,-9.736787764946797,-0.4644730208086534,-10.201260785755451,3.3093199206496733,0.899875698761173
les,jj_oh4,-120.0,-0.011019352097463297,-0.43981644021195976,-0.45083579230942306,0.46211353977016534,0.7700917097629865
les,jj_oh4,-100.0,0.053794781129656855,-0.33544907129812174,-0.2816542901684649,3.3054934637735274,0.5098545842321421
les,jj_oh4,-80.0,0.08972598705692114,-0.2410979887956799,-0.15137200173875875,0.010000000000000002,0.7215514940770669
les,jj_oh5,-120.0,-0.6023724019588172,-0.517447639424018,-1.1198200413828352,0.2752566244196565,0.982501087071175
les,jj_oh5,-100.0,-0.32902529312206497,-0.391377784347835,-0.7204030774699,0.4810311519668446,0.9699606926689027
les,jj_oh5,-80.0,-0.015625695182208688,-0.22849368230826173,-0.2441193774904704,4.999999999999999,0.8733000912911376
les,jj_oh8,-80.0,0.06011691491836224,-0.16126257360721263,-0.10114565868885039,0.011041065774938307,0.5009306102281634
les,jj_oh9,-80.0,-0.004762759631127267,-0.15949651408636578,-0.16425927371749305,4.999999999999999,0.9012910652379804
les,jj_oh9,-100.0,-0.17946964747661553,-0.24871975616222453,-0.42818940363884006,1.467483125362227,0.9805241073076236
les,jj_oh9,-120.0,-0.3794674713342161,-0.32953059942233964,-0.7089980707565557,0.5605127379004488,0.9877196062211112
