Imax_nA,V_max,V_min,cell,foot_R2,n_foot,n_pts,n_spike_repaired,s_ref
3.5053192362632934,-15.0,-60.0,jj_op1,0.9840669910007196,7,10,10,0.07822388350794002
2.0869505082399264,-20.0,-60.0,jj_op11,0.9924483787508055,5,9,0,0.08421452816680856
5.157956541046449,-15.0,-60.0,jj_op12,0.988129940216757,7,10,0,0.0910830161497337
4.017275113260554,-15.0,-60.0,jj_op13,0.9873125298908974,7,10,0,0.08444094745605951
3.077619013802657,-15.0,-60.0,jj_op14,0.974258913493838,6,10,0,0.08152463489015005
3.5005622150974247,-15.0,-60.0,jj_op15,0.9873373660747401,7,10,0,0.07282804677062624
4.262959249490272,-15.0,-60.0,jj_op2,0.9882440631433717,8,10,10,0.06596195778749425
8.304664678160378,-15.0,-60.0,jj_op3,0.977881767727901,8,10,10,0.08539749345227274
2.0938151334276567,-15.0,-60.0,jj_op4,0.9851102340594062,7,10,10,0.045968830101500366
2.0187947494254566,-15.0,-60.0,jj_op5,0.9929639662593622,8,10,10,0.0519349906032243
2.036865592858206,-15.0,-60.0,jj_op6,0.9900188222587597,8,10,10,0.04627496021735594
