group,cell,tau_app_ms,r2_app,tau_pure_ms,r2_pure,t50_pure_ms,pk_pure_nA
veh,jj_ai1,46.94598114958,0.9152727917759136,47.14087413842291,0.9151945277476011,33.69999999992146,21.023926236214685
veh,jj_ai10,30.792576172545175,0.8400789388483305,31.45480465919836,0.857365619131908,42.3499999999013,3.528602457100738
veh,jj_ai11,31.368966133918402,0.9105764028614245,31.84592392318499,0.9121556469143012,29.049999999932297,5.089511709646666
veh,jj_ai12,30.406265001845295,0.867384373265808,31.000227368937196,0.8777651034155688,29.349999999931597,6.776191264351583
veh,jj_ai13,46.883142449883714,0.8577288085875934,47.58446283183389,0.8739048302881565,55.799999999869954,4.0991736498241504
veh,jj_ai14,34.48729907121467,0.8745836730454594,34.867625511174765,0.8813742146471428,34.24999999992018,6.865898738439569
veh,jj_ai15,28.29313678525982,0.9009027897363138,29.170773351149773,0.906666213874957,22.849999999946746,11.423544648420103
veh,jj_ai16,53.768515449445864,0.9484239622677232,54.27502017686543,0.947867805337888,62.09999999985527,3.5332631265205805
veh,jj_ai17,24.360714985716104,0.8895468134902674,24.91003147600404,0.8944123554829809,19.949999999953505,13.28835372987891
veh,jj_ai2,39.56959386815068,0.9090823814491233,40.56415818993599,0.9135449859493224,43.94999999989757,3.5916677514069573
veh,jj_ai3,51.3596820795409,0.9555213654525622,51.74351963993001,0.9557236460474328,59.74999999986075,3.417401840677403
veh,jj_ai4,27.639804927349747,0.8810789080245973,28.518842761754776,0.8872578032787901,30.599999999928684,8.015397991167905
veh,jj_ai5,40.3956221493251,0.928617570455394,41.049247134221204,0.9296791353864624,33.39999999992216,8.96570663544427
veh,jj_ai6,40.75756042286905,0.9528216250541836,41.688935958250774,0.95030971788695,35.54999999991715,8.223819021602186
veh,jj_ai7,30.554894113752916,0.9687858423460853,31.05951485220347,0.9659238870509579,27.94999999993486,9.554008086401499
veh,jj_ai8,35.66602478771038,0.9185664459744349,35.80145150992404,0.9191411552093113,29.599999999931015,8.62873178117396
veh,jj_ai9,29.918851250984847,0.9514164886215074,30.121444900366093,0.9547774600971027,25.79999999993987,6.809528397752618
les,jj_oi1,47.09079608800699,0.8749836219728148,47.88156325926216,0.8923667721326055,86.74999999979782,3.530812267560357
les,jj_oi10,69.57936715045993,0.9371105371808226,69.97981824534693,0.9403231350145764,66.8499999998442,5.867910265328069
les,jj_oi11,110.05152800309277,0.8620577893926306,111.92902479911736,0.8533782346358675,542.8499999987348,2.1835367697981
les,jj_oi12,118.1095780540086,0.9574342569840539,116.61244001909064,0.9570040099710397,111.79999999973944,5.277851513468823
les,jj_oi13,82.04812306209102,0.9355225896060467,84.20751810303108,0.940497624358678,98.24999999977102,3.77448365444788
les,jj_oi14,121.2385468083258,0.916965409697877,123.23408666812435,0.9252699894052233,144.24999999966383,2.8670592046309284
les,jj_oi15,31.104815353625092,0.8447395264870435,32.93013122573908,0.86754335886582,52.29999999987811,3.3702658979589684
les,jj_oi2,54.6455304348849,0.8765042613314885,54.571398377283685,0.8916494452311311,nan,6.346777624288702
les,jj_oi3,34.69749660420202,0.8449666670370268,36.145888036714915,0.8597558677539731,nan,16.0400530635485
les,jj_oi6,34.509640145287364,0.8825990283241311,36.9211382050825,0.9012156379686311,58.849999999862845,4.9255449788288
