group,cell,tau_act_ms,t1090_ms,n_used
veh,jj_ap1,nan,0.474999999998893,0
veh,jj_ap10,nan,0.849999999998019,0
veh,jj_ap11,1.8013399040195857,0.9999999999976694,1
veh,jj_ap12,0.8407130919531389,0.8249999999980773,1
veh,jj_ap13,1.2770310491957657,2.099999999995106,1
veh,jj_ap14,1.0782889515399217,1.7499999999959215,1
veh,jj_ap15,2.159999588957733,2.249999999994756,1
veh,jj_ap16,1.0608865760246553,1.7499999999959215,1
veh,jj_ap17,nan,11.749999999972616,0
veh,jj_ap2,1.6697568467912958,1.0249999999976112,1
veh,jj_ap3,nan,0.8249999999980773,0
veh,jj_ap4,1.8849952805218706,0.8999999999979025,1
veh,jj_ap5,1.7921813309244485,1.224999999997145,1
veh,jj_ap6,1.410068020915084,0.9999999999976694,1
veh,jj_ap7,nan,0.8999999999979025,0
veh,jj_ap8,10.670960251230683,0.5499999999987182,1
veh,jj_ap9,1.6656763686591893,0.949999999997786,1
les,jj_op1,0.7758317823095037,0.6499999999984851,1
les,jj_op11,nan,2.44999999999429,0
les,jj_op12,1.5087137297127984,2.5999999999939405,1
les,jj_op13,1.0455108760471126,1.9499999999954554,1
les,jj_op14,1.1638917071766497,2.749999999993591,1
les,jj_op15,0.798783781119846,1.7499999999959215,1
les,jj_op2,0.7885486215920576,0.7749999999981938,1
les,jj_op3,2.1841354498689336,1.0249999999976112,1
les,jj_op4,nan,0.8249999999980773,0
les,jj_op5,1.2262796835034566,0.9249999999978442,1
les,jj_op6,nan,0.0749999999998252,0
