Imax_nA,R2,Vh_err,Vh_inact,cell,k_err,k_inact,n_pts,tau_inact_s
20.884994725760336,0.9995549012587268,0.19186931518754577,-64.10101322228556,jj_ai1,0.14280416974064908,3.912942218360606,10,0.04351151883442813
3.2577992301238963,0.9534625141657012,4.990816337403239,-69.06617071430713,jj_ai10,3.8263773089864324,15.662563176482726,10,0.02707255036195995
5.860854103665731,0.9724232705189712,6.796799836769352,-82.39477666402965,jj_ai11,3.8709467568561386,19.132018819109607,10,0.028059694452550726
6.676266451187277,0.9965973147543052,0.7086646776228652,-64.26197106641561,jj_ai12,0.6042202371765815,7.9559847872431355,10,0.027639846129829098
3.9422681167676603,0.9908285341406312,1.1560018944680803,-58.55589215782318,jj_ai13,0.9948972646429973,8.836292321305395,10,0.04231659089848895
6.606693717607911,0.994077038861823,0.8673243645900214,-61.01029047411313,jj_ai14,0.7463825606812744,7.276093531256833,10,0.0329052907718945
11.455210916785077,0.9989326439153523,0.3197975094380377,-60.85932531131974,jj_ai15,0.28345498848796313,5.532347443929962,10,0.025046824910047377
3.4359365924155796,0.9960249148138491,0.6933822412263376,-60.63994491011478,jj_ai16,0.5982583564923324,7.0081700503821684,10,0.04987240480651893
12.495618554257394,0.9905644272472053,1.263071030764482,-64.54999900242758,jj_ai17,1.0732332405212985,8.602477060567725,10,0.02084390004372808
3.437084052812924,0.994387304758348,0.8794250160498233,-60.64307413084194,jj_ai2,0.755117819070255,7.817170194394305,10,0.03686609289819316
3.3678415668614035,0.9948807714986658,0.7657588573849538,-56.33027974299997,jj_ai3,0.6604561983283921,7.427027238951256,10,0.05041841218235383
7.708497747501548,0.9933311489472845,1.0217273939711937,-63.456510405066105,jj_ai4,0.8704499702691356,8.477460886384756,10,0.025995695139239296
8.866444074864832,0.9988000359237631,0.3640836723695074,-62.527540313931766,jj_ai5,0.3138260041752293,6.08326761801939,10,0.037346462965091656
8.025506323037767,0.9985298133140678,0.39523930926984197,-59.63341335959312,jj_ai6,0.34491055895148337,6.1995092301113806,10,0.039160441383921135
8.984157165641113,0.9925895741702072,0.9014318312925514,-59.460773650237485,jj_ai7,0.783967178672978,6.386175650324563,10,0.02963867777911983
8.322717407567163,0.9969231317368289,0.5878123428191092,-64.5942938107462,jj_ai8,0.49876661360425606,5.957061324193919,10,0.03405133906415507
6.410588654748832,0.9914733638096974,1.1451173487275903,-64.6006860680226,jj_ai9,0.9761451034642811,7.882752735218791,10,0.027669197669032485
